	room_nick_name
21568673	幡多乃姹萝Official
5431	kinoko杂菌
595837	猫竹りせChannel
401900	兎嵐Yincandle
21357592	竹轮喵Official
7688266	KMNHZ-China
846188	博丽灵梦channel
21425985	皆守ひいろOfficial
21452505	七海Nana7mi
21402105	PPHOfficial
21144047	樱巫女Official
21636874	緒方あこOgataAko
870004	泰蕾莎Channel
10579054	银河爱丽丝搬运
10358807	東雲恵Official
21254047	蒼乃幽姬
21614307	神奈みかKanamika
4138602	虚拟次元计划
21641569	黑桃影
158250	奶酪做的
21614035	空调橙合物official
11057643	星星Star_Vtuber
21526783	Lobelia_Channel
21696929	八木迪之
883747	天夢_Official
4098868	米糊zzZ
21129632	大空昴Official
21656050	梦月萝娅_Official
21413565	步玎Pudding
4664126	萝卜子Official
199140	白璃Official
21420315	橘九Official
21622688	超V学园_慕斯Muse
11599595	璃露Riru
815973	钱二两_official
21517635	时音Official
21672023	弥希Miki
21421141	戌神沁音Official
7641325	白鹭镜Channel_银
43360	子花大爷的监控室
429744	云玉鸾
5327835	Ryoko凉子_Official
7887972	凉宫白樱Official
21317030	音俣RukaOfficial
21326344	小鸟瑠紫琉Official
21672024	真绯瑠mahiru
1151633	游戏风云直播
21345812	樱海棠Official
21376408	铃果Official
14110147	兰若_Re
21379263	希娜Siina_Official
18060	佐仓•M•沙耶加
8982686	hololive
58593	橘柠院Jny
15996	鈴谷アキ字幕组
596082	某南
1568418	VA-Luna
312117	AnastasiaChannel
21368636	Chiki_MS
13946381	夏色祭Official
21545501	山梨Official
21575212	郡道美玲Official
21423506	可可洛cocola
58531	艾伦爱雅演绎剧场
5114392	花町猫耳搬运组
14327465	花园Serena
21572617	不知火芙蕾雅Official
21399689	Milky_Vtuber
11588230	白上吹雪Official
21575216	童田明治Official
21085111	獅子神レオナ翻译组
895206	水漠豆腐
510409	子彧_official
2077667	路人豆腐铺
8997002	猫叶沅沅Channel
21463247	鹰宫莉音Official
21347539	梅亚莉Official
21304638	神楽七奈Official
653286	yakko暗影
974309	乔治亚娜钱德勒
21294840	千条アリアOfficial
21449068	叶Official
7801595	寒冴KanKo
7906153	喵枫にゃぁ
2019014	AsPride
21302479	绿仙Official
12936740	黑夜子Channel
56064	魔王YALU
14411083	洛晓曦NICO-channel
21697371	镜中仙-落
2301751	筱魈Channel
1156041	尤特Ute_Official
21575226	戌亥床Official
8373089	Moarin_channel
40367	子中中Channel
21353871	御伽莉鹿-官方
4066032	安奈るり--Kenlos受付娘
49728	枯水
6080883	笹木咲搬运组
10943611	狗神由紀Official
249685	届木羽架official
1119304	不能吃的ok酱
3659336	白咲べるofficial
21415012	白百合リリィOfficial
21327092	花譜的音乐搬运站
4078398	來夢めると搬运组
14275133	赤井心Official
13307515	水科葵搬运
21317217	星乃めあOfficial
21240069	眠叶绀Channel
21469273	陆桃Official
21575228	安洁Official
617845	雾枝白茶
21696950	阿萨Aza
21665984	MeltyPlus
21249896	出雲霞字幕组
21133979	大神澪Official
11306	阿伊蕾特Ayelet
870845	图波列夫的设计图
11672349	宇森ひなこ王国運搬
981813	汉特ハント
11231974	静凛字幕组
319040	莎小咩
394681	崇光夜熙
718548	默磷Official
21657428	千铃SR
11261960	mugi字幕组
4929039	山海之殷羣
15151296	魔女玛露氏Official
6077410	曼陀菲尔Official
21669084	羽音Hanon
21674641	holostars
10176048	宝蓝狼
21455366	响木青Official
912226	RootChannel
14917277	湊-阿库娅Official
21444278	千洛爱吃肉Chiro
13342325	伊恩姬_故障Ai
21463227	家长麦Official
868293	欧阳凌空Channel
3489472	泽尼亚尔Official
5342167	麟犀AI韵律
21302352	静凛Official
4767523	沙月だよ
21656037	舞元启介Official
8640311	真白くまOfficial
21572756	朝比奈蒼
13990730	季毅Jiyi
204600	忘川の泉眼
16800	白金Platinummm
5211	浅野和人Channel
21418775	白鳥穹Channel
9211295	爱塔西亚温channel
21337422	绘茉-真空管Dolls
23472	鬼喵君Yuri_meow
801574	纪游哉
21338753	柚唧の微光小剧场
14507014	凛星RinStar
20735	鹿木博士鹿太Channel
12320762	铃月琉蛍的通行DD
21708004	白雪みしろOfficial
704808	Overidea_China
58896	Riztech
1259488	安洁洛特SAMA
21391318	涉谷HAL_official
53428	卖火柴的可可亚
842680	伊佐夜
21379626	七柠Official
7408249	兔纱mimi_Official
1676221	虚拟宫宫Official
55634	钉宫妮昵姊QwQ
12770821	千草はな
21316391	童田明治的小狼窝
1905476	廉田Kenlos
4766516	冰冻糯米糍
20571	能美枫铃だよ
140011	窥酱Channel
49953	星野_Hoshino
13661923	托尔rua_Official
885854	Bluboy-Official
1169164	春樹なぎさOfficial
13990746	惺忪喵Xingsongmiao
2275324	凤凰院千夏Official
21615277	喵月nyatsuki
278936	委员长杂鱼搬运
52749	茯苓猫不黑
21448238	秋雪琥珀Official
21691081	澪兎Channel
21524962	姬小路lu
894919	8911勘测研究所
846315	小狼XF
15536	本气黑猫
10363055	虚拟女友Yomemi
21627536	田汐汐_Official
21346449	NIJISANJI
21575427	凛凛channel
27326	Twiska
21320281	账号已注销21116
2611014	雨宫水希Channel
1573301	KINGSK科科_Channel
21575231	铃鹿诗子Official
8069831	鹿与伯爵Official
1459779	詩絵瑠玲依
7934153	虚拟DD
21584153	宝钟玛琳Official
21593820	月霖Official
21269253	泡沫こまりOfficial
12235923	神楽Mea_Official
21712635	绮良kira_Official
2436830	六神花禄_Channel
1873077	終わりの星_official
479283	莲汰-AiTeN
3012597	喵田弥夜Miya
21398753	葛莉芮音Channel
21368467	纱霓Official
21432137	沐莺うぐいす
21559667	九尾の沙羽Official
368082	森中花咲字幕组
1305231	RiNE_Channel
21620448	夏盐Official
135001	只有小黑不存在的街道
802169	艾麗卡・エリカチャン
21208533	矢泽大凤Channel
21589354	夢月ましろ
21341098	华羽立Channel
21558522	樱小夜Saya
644622	萌新喵Official
21613353	有加plus
394623	Ash_Channel
4100246	金丝蓝染Channel
168835	性冷淡的白枫酱
4632617	琥珀-虚颜
4316215	铃音_Official
1369036	夕阳莉莉搬运組
21420555	原梓channel
794418	花山妮娅_花山拿official
14892076	龙胆尊搬运组
21500157	Elaine_夜空Project
1363320	北里予里予
13576775	Siva_小虾鱼_
21302477	本间向日葵Official
12548471	ぐりこ_guriko_
1854030	月野奈奈子Channel
11631906	兽耳放送
13683908	幺幺yao_Channel
21583736	白银诺艾尔Official
8198092	罗云Official
21131813	夜空梅露Official
21132965	紫咲诗音Official
21533868	音音继ねね_Official
21446992	蒂蒂媞薇_Official
21568435	月之宫可依-kenlos偶像
21559707	kurumi搬运
919919	庄不纯
294110	雪樱の神
21403189	千代家蒲莉莉搬运
755940	山崎kaori
649688	不可怕的魔鬼桑
15157903	奈子Nakooo
21334538	MEMproject
21224291	安堂いなり_official
21656043	艾克斯Official
1038702	石川ゆいnull
5301274	桃桃子Momoko
21622687	超V学园_林伊Eli
21623289	柚一Official
15065340	花芽姐妹Official
21192864	狐狐音の前搬运
7814612	暮雨冬原_official
21496282	辉月兔-Official
5193796	阿A觉得怎样都好
9286381	猫宫日向Official
723034	DontStop虚拟声优事务所
13744134	天神子兔音Official
21672022	星弥Hoshimi
14639938	天羽四叶Official
14052636	夢乃栞Yumeno_Shiori
23750	澪木芙格Fugo
10971721	酸菜ダレ_channel
21463224	森中花咲Official
21403609	琉绮Ruki
1121016	桜吹雪Channel
3827429	心斎桥オクトOfficial
21626161	矢車エリカChannel
21116901	摩提_MoChi
21564812	dsailab二号机
3801666	玉兔精果酱sama
291792	狐妖小时莩Channel
233485	四季巡礼
5827695	ANOL丶老宅
1267815	失去梦の咸鱼
21547895	花丸晴琉Official
13039652	日和朝奈
11933197	织田信姬official
14085407	瑪法理沙MarufyuRisa
581612	O2O男团
21396492	和泉レアOfficial
5073469	莉莉丝Channel
21320551	乙女音Official
13993127	于川流丹ChildRue
9389401	時雨羽衣off4日目西60a
21361292	米莎ミサOfficial
21484828	轴伊Joi_Channel
28655	汐水琉月
1245856	米莉安めかChannel
11057	电玩魔女official
21337641	比西子official
709219	洛清崖
530475	穿裙带菜裸奔人字幕组
7053781	侵蚀公主
21673097	Plasma-電浆社
21470454	VirtuaReal
21664698	寿寿歌_suzuka
7595278	暗and喵
555820	爱情上甘岭
21651249	橘真白_Channel
78080	黑泽千葵Channel
437348	十六夜凛子Official
15152878	鹿乃ちゃん
21097849	屍鬼Channel公式字幕组
160683	鸠子-十座ガチ恋势
1672899	海月米田没几个人没组
5751900	Elu的精灵の森
5372011	染崎绿_Channel
801354	阿德罗伊-埃菲尔德
21696957	度人Tabibito
283169	白夜shiroya
26283	小伞一把
464422	一只笨阿琳
1310220	神无月の诗羽一kenlos
456521	Yuuka_Channel
21622680	超V学园_林玲Lynn
6058328	私立鲜花小学家委会
21412734	AIofficial
3822389	有栖Mana-Official
4788550	胡桃うさChannel
21107534	癒月巧可Official
21375502	狛犬博美Official
7962050	森永みうofficial
79477	乌贼KinoChannel
8899503	时乃空Official
940832	月见我须让七分
16536	内兹米_Official
10317	这是亦枝YY
6632844	ENA에나
21622694	超V学园_白祁Seven
173415	翎眠眠
21457197	中单光一
989552	Kenlos受付娘-樱喵
1321846	魔宵Sakyu_Official
2961851	星星奈_HoshiNa
11493013	星空悠_uni
6917664	轻又
10143	染谷杏
190577	星街彗星Official
3777439	柠狐柃Channel
40529	幽灵子辰
13571266	Kenlos受付娘-雨洛
662813	碧居结衣搬运
10571456	郡道美玲的养豚厂
21346226	RukiRokiChannel
757321	幻想口袋_Lucca
499480	风早梓Channel
3657657	饼叽Official
2425420	尼奥蜀黍
126556	呆梓爱你嗷
41682	早稻叽
3429937	鹤崎泷_TakiChannel
957139	烈火火Official
837039	❀Sakulaˇ小舞
21691719	弥祢兔
774226	夏琳-Official
14187513	猫女王NeKoJo-oo
21445382	月夜摸鱼Official
21633947	魔王酱Maou_Official
12386041	兰若_Ruo
14414417	暮岚子狐Channel
427931	静夜夜Channel
4634167	犬山玉姬Official
21345362	dsailab
4592377	绅士Kevil
3602205	Azulim搬运
5506769	鬼月Channel
1865305	Plutya普露提亚
21515803	鈴木骨兔Channel
24276	赤星组Channel
1944820	切茜娅CheIsea
127141	白鸟Shirotori
21367641	佐久間ねむ搬运
13619347	雨森小夜搬运组
21429806	fairyschan
21288388	纸木绢视频存放处
21696953	罗伊_Roi
21013446	雫るる_Official
21327595	清露イクナ搬运组
21417013	月见_tsuki
21403601	艾因Eine
21291286	七华镜_Channel
21300316	日月咪玉-官方
21307497	电脑少女siro_小白
21463219	笹木咲Official
1165536	米娅莉Official
21232671	nanaha_akahoshi
281580	星野由乃Channel
21437831	雅凛Official
135395	富士葵中国粉丝团
21679800	贝萩拉Channel
14222920	Kanna_康娜Official
21575222	社筑Official
1874188	星海柠檬-Official
21143293	水無瀬rui_official
11768825	子心Koishi
21652717	白神遥Haruka
21421874	ViViD字幕组
11367	软软冰
710449	丹羽加奈--Kenlos店长
21390586	雪城真寻搬運組
566227	阳向心美Official
6792401	未来明-MiraiAkari
21547904	小东人魚Official
21095017	WINKS事务所
2833825	舞元启介消防队
5132153	花鋏響_搬运
901625	子凌弈秋
6800313	工藤くま_Channel
2610619	喀秋莎秋明Official
1485080	AIChannel官方
13982579	阿修アッシュ
15142311	莉姬女王
2446210	应星尘channel
7170879	淺羽Asaha_Mino
21252047	竹取かるた字幕组
21362762	伊樱萤Channel
21662131	蕉灼_Channel
14410598	Okome_VTuber官方频道
876396	进击的冰糖
21407495	なるはやちゃん成早酱
309258	恒天--Kenlos网咖
947447	高槻律official
9680769	物述有栖-爱丽丝搬运
3590295	转圈再转个圈
21430508	砂糖_さとう
21452118	一果Ichigo
855887	星宫がんChannel
180784	千鈴めい搬运组
1175880	枫言w
377214	牛牛子Official
254152	黑川幽梦-Vtuber
21325858	菲林萨库娅Channel
302140	tanoki苒佚
21560356	兔田佩克拉Official
21233113	贝尔蒙德班德拉斯搬运
8643223	木糖纯Official
13351801	琴乃葉雪乃搬运组
21402309	眞白花音_Official
21602438	黑音夜Official
1908237	云祈kinori
10254803	叫我默默酱
3538158	小怪受Channel
21501730	贝尔蒙德Official
14578426	战斗吧歌姬官方账号
7602132	輝夜月Official
13973403	花音酱可怜又可爱
21671418	野野宫のののOfficial
21219990	亚绮-罗森Official
21450685	龙胆尊Official
10545	adogsama
6873375	草履虫Para
21264737	幻梦喵Channel
9425842	金の巧Channel
13407	晓月朔夜Channel
8721033	蜜球兔
2115972	魔王魔王戴安娜
21656036	修女克蕾雅Official
6304558	鬼畜千寻炎哈组
21567277	神子杏-Official
21412553	青玉Safaia
102153	喵奈nyanago尾巴超大
21391181	LizeHelesta搬运组
1307833	芥末说她播了
21420932	猫又小粥Official
11754098	七濑胡桃menherachan
3415150	奈姬niki_Channel
5613910	杏戸ゆげ搬运组
1174717	久远千岁搬运组
21592733	CocoTsuki公式
21602686	新科娘Official
21463238	御伽原江良Official
4895312	帕里_Paryi
10209381	田中姬铃木雏Official
21277852	闇夜乃莫露露搬运组
308543	v猫诺v
43822	樱美Yuna-Official
21397868	江惠惠Official
54897	Ruriko琉璃子Channel
328434	游离Yuuri
21664773	芭娜娜Official
8725120	古守血遊official
21293841	七濑昴Official
21463249	莉泽Official
21302469	椎名唯华Official
21195793	Mendako醤Official
21318294	萨莎柯里克Official
3074344	Pinga子channel
47377	泠鸢yousa
2557286	相沢加奈Official
1479949	塔西亚channel
21701071	永远永远酱w
908402	暁知雲之伤Channel
21545232	润羽露西娅Official
14239687	女巫Vivian
21449061	樋口枫Official
21130785	百鬼绫目Official
13289738	AnMr海外转播Channel
21396545	绯赤艾莉欧Official
21571739	无理MURI
21433464	明纱_Official
5165	Demeo阿死
14893	乌拉の帝国Official
4418655	菫妃奈Official
291482	山海之麓鹿Channel
21568597	Ruby_呜哔うび
262755	暁ちあき搬运组
15096239	音仙吕
21515588	茉莉吃掉了鲨鱼帽
41344	戌亥の造梦坊
45753	Creator_Coffee_P
4762506	某柯moke
21651086	珠鳴なるOfficial
74644	従業員いのり
4027974	凤鸠鸠Channel
6241497	白音小雪Official
43035	図書館noあや
10061246	宫村焱official
21333346	庞小莹Official
132599	卡林卡Official
21267062	AZKi_Official
878369	超次元次元酱
21613356	惑姬Waku
7038458	duduluく
21618138	希薇娅Civia
21483704	ice_official
766979	風祭えんめChannel
21685677	鈴宮鈴
21712406	AIChannel中国绊爱
3647794	綾音ひのん
51296	しろいぬ
6586670	游戏部企划official
21449065	葛叶Official
21279658	Dr宇宙治
21448203	凌依--Kenlos网咖
21323721	Leia_夜空Project
21310081	虚拟恶魔Diana
10240660	朝之姐妹搬运组
31634	萧箬薇channel
21495067	熊井塔塔子_Channel
21709503	時-TokiChannel
21314669	御伽原江良搬运组
11575621	陆婉莹GodRiku
21369874	海桑的人形馆_Kai
13639273	Tadyi零叁_Channel
21344122	星ノ谷みやOfficial
545318	Mr.Quin
27651	ItaChannel
21316325	莲娜多莲佐Official
13917541	小亚的幽灵古堡
3889934	爱夏なつ
21417455	社筑单推组
729794	野生牙牙号
21449083	物述有栖Official
270973	可儿！
8247674	MMP字幕搬运
1075483	避否_鸢歌
27334	草翦葱Channel
179883	Yuka碳
21677969	秋凛子Rinco
337374	綾奈奈奈
411318	红晓音Akane
5063573	木木汐_official
21461939	大米公主MaiPrincess
746929	Diana-ディアナ
21426806	初焰Hatsuhomura
21654212	桃瀬なぎMomoseNagi
21396836	LupinusVG公式
6975383	安德莉亚Official
21618129	夜霧Yogiri
9792197	VTuber作家_艾尔酱搬运
284685	乐喵Channel
11952	水奈浅子
